,no,umur,jenis_kelamin,tekanan_darah,kadar_kolesterol,diagnosis_penyakit
,1,>40,L,Tinggi,Tinggi,YA
,2,<=25,P,Normal,Normal,TIDAK
,3,>40,L,Tinggi,Batas Tinggi,TIDAK
,4,<=25,P,Rendah,Normal,TIDAK
,5,>40,L,Tinggi,Tinggi,YA
,6,26-40,P,Normal,Batas Tinggi,YA
,7,>40,L,Normal,Normal,TIDAK
,8,<=25,P,Normal,Tinggi,YA
,9,>40,L,Normal,Batas Tinggi,TIDAK
,10,26-40,P,Tinggi,Tinggi,YA
,11,>40,L,Rendah,Batas Tinggi,TIDAK
,12,26-40,P,Normal,Normal,TIDAK
,13,>40,L,Tinggi,Tinggi,YA
,14,<=25,P,Rendah,Batas Tinggi,TIDAK
,15,26-40,L,Tinggi,Tinggi,YA
